GEOID,NAME,cat,summary_est,estimate,perc
0651182,"Newport Beach city, California",white,86793,70471,81.19433594875163
0651182,"Newport Beach city, California",hisp,86793,6915,7.967232380491514
0651182,"Newport Beach city, California",asian,86793,6604,7.6089085525330376
0651182,"Newport Beach city, California",other,86793,2267,2.611961794153906
0651182,"Newport Beach city, California",black,86793,536,0.6175613240699135
